{"cameraMode":{"drawMode":0,"name":"Shaded","section":"Shading Mode"},"sceneLighting":false,"audioPlay":false,"sceneViewState":{"m_AlwaysRefresh":true,"showFog":true,"showSkybox":false,"showFlares":true,"showImageEffects":true,"showParticleSystems":true,"showVisualEffectGraphs":true,"m_FxEnabled":true},"in2DMode":false,"pivot":{"x":9.850545883178711,"y":1.2256773710250855,"z":18.604442596435548},"rotation":{"x":0.05002431571483612,"y":-0.7560625672340393,"z":0.058187201619148257,"w":0.6499960422515869},"size":0.063927561044693,"orthographic":false}