{"cameraMode":{"drawMode":0,"name":"Shaded","section":"Shading Mode"},"sceneLighting":false,"audioPlay":false,"sceneViewState":{"m_AlwaysRefresh":true,"showFog":true,"showSkybox":false,"showFlares":true,"showImageEffects":true,"showParticleSystems":true,"showVisualEffectGraphs":true,"m_FxEnabled":true},"in2DMode":false,"pivot":{"x":-0.0987393856048584,"y":0.42306631803512576,"z":-0.9982690215110779},"rotation":{"x":0.06593900918960571,"y":-0.7227933406829834,"z":0.07211586087942124,"w":0.6847436428070068},"size":0.8660283088684082,"orthographic":false}