{"cameraMode":{"drawMode":0,"name":"Shaded","section":"Shading Mode"},"sceneLighting":false,"audioPlay":false,"sceneViewState":{"m_AlwaysRefresh":true,"showFog":true,"showSkybox":false,"showFlares":true,"showImageEffects":true,"showParticleSystems":true,"showVisualEffectGraphs":true,"m_FxEnabled":true},"in2DMode":false,"pivot":{"x":-31.173973083496095,"y":1.228865385055542,"z":16.131528854370118},"rotation":{"x":0.013199539855122567,"y":-0.9842548370361328,"z":0.08376314491033554,"w":0.15510055422782899},"size":0.8660253882408142,"orthographic":false}