{"cameraMode":{"drawMode":0,"name":"Shaded","section":"Shading Mode"},"sceneLighting":false,"audioPlay":false,"sceneViewState":{"m_AlwaysRefresh":true,"showFog":true,"showSkybox":false,"showFlares":true,"showImageEffects":true,"showParticleSystems":true,"showVisualEffectGraphs":true,"m_FxEnabled":true},"in2DMode":false,"pivot":{"x":-4.368906021118164,"y":1.2574059963226319,"z":22.742246627807618},"rotation":{"x":0.02033083885908127,"y":-0.7050601840019226,"z":0.022561604157090188,"w":0.7090994119644165},"size":2.9780056476593019,"orthographic":false}