{"cameraMode":{"drawMode":0,"name":"Shaded","section":"Shading Mode"},"sceneLighting":false,"audioPlay":false,"sceneViewState":{"m_AlwaysRefresh":true,"showFog":true,"showSkybox":false,"showFlares":true,"showImageEffects":true,"showParticleSystems":true,"showVisualEffectGraphs":true,"m_FxEnabled":true},"in2DMode":false,"pivot":{"x":2.6091389656066896,"y":1.346524953842163,"z":1.5131211280822755},"rotation":{"x":0.002601404208689928,"y":0.9966435432434082,"z":-0.08119826763868332,"w":0.021261058747768403},"size":2.7080955505371095,"orthographic":false}