{"cameraMode":{"drawMode":0,"name":"Shaded","section":"Shading Mode"},"sceneLighting":false,"audioPlay":false,"sceneViewState":{"m_AlwaysRefresh":true,"showFog":true,"showSkybox":false,"showFlares":true,"showImageEffects":true,"showParticleSystems":true,"showVisualEffectGraphs":true,"m_FxEnabled":true},"in2DMode":false,"pivot":{"x":0.522891640663147,"y":1.3167256116867066,"z":-0.3227194547653198},"rotation":{"x":-0.0047321380116045479,"y":0.37323829531669619,"z":0.0019062620121985674,"w":0.927727460861206},"size":1.1971187591552735,"orthographic":false}